label	title	content
1	Rye College	 Rye College formerly known as Thomas Peacocke Community College is a coeducational secondary school and sixth form with academy status located in Rye East Sussex England. The school also offers adult education classes.
1	Glenwood Elementary School (North Carolina)	 Glennwood Elementary School is an elementary school in the City of Chapel Hill and is a part of the Chapel Hill-Carrboro City Schools.
1	Inverclyde Academy	 Inverclyde Academy is a secondary school in Greenock Scotland that provides education to the majority of the Inverclyde area. The catchment area for the Academy stretches from the Inverclyde border at Wemyss Bay to Greenock's East End and Strone Farm areas.The school was created by the amalgamation of Greenock High School and Wellington Academy and cost £29 million to open.
1	Universidade Feevale	 The Universidade Feevale (Feevale University) (Feevale) is a Brazilian university in the city of Novo Hamburgo (Vale do Rio dos Sinos the largest shoe manufacturing center of the country) in the metropolitan region of Porto Alegre Rio Grande do Sul. The selection process is through entrance exam and continuous assessment.It is a community entity non-profit with didactic autonomy scientific administrative and disciplinary.
1	Christian Brothers College Bulawayo	 St. Patrick's Christian Brothers College Bulawayo (CBC) is a private multiracial boys-only high school located in Bulawayo Zimbabwe. It was founded in the 1950s and is one of the most prestigious schools in Bulawayo and probably one of the best schools in the country.
1	Hiram Scott College	 Hiram Scott College was a private liberal arts college that operated from 1965 to 1972 in Scottsbluff Nebraska. Hiram Scott was one of several Midwestern colleges established by local civic leaders with the support and encouragement of Parsons College in Fairfield Iowa. These Parsons satellite schools were by-products of the strong growth and apparent success of Parsons during the late 1950s and early 1960s and all followed the Parsons Plan academic model developed at that school.
1	Herbert Hoover High School (West Virginia)	 Herbert Hoover High School (commonly abbreviated HHHS) is a public high school in Clendenin West Virginia. The current principal is Mike Kelley.
1	Geisel School of Medicine	 The Geisel School of Medicine is the medical school of Dartmouth College located in Hanover New Hampshire in the United States. The fourth-oldest medical school in the United States it was founded in 1797 by New England physician Nathan Smith and grew steadily over the course of the 19th century.
1	Kyiv Medical University of UAFM	 The Kyiv Medical University of UAFM is a private university in Ukrain.
1	Dargaville Primary School	 Dargaville Primary School is the largest primary school in the town of Dargaville New Zealand. It is situated in the Dargaville Central Business District (CBD). The school takes students from the age of five up to eleven. It was the original school in Dargaville established by 1877. In 1879 it had a roll of 16 which grew to 155 in 1899 and by 2008 reached just over 400 each year. The pupils attending the school come from the town and the surrounding rural area.
1	Cromer Academy	 Cromer Academy (formerly Cromer High School and Sports College) is a secondary school with academy status in Cromer Norfolk. It is part of the Inspiration Trust federation.Cromer Academy is coeducational and students are admitted without regard to ability.
1	Chalfonts Community College	 Chalfonts Community College is a co-educational secondary school in Chalfont St Peter Buckinghamshire. It takes children from the age of 11 through to 18 and has approximately 1784 pupils. In August 2011 the school became an Academy.
1	Montessori High School at University Circle	 Montessori High School at University Circle (also known as MHS) is a private high school located in the University Circle neighborhood of Cleveland Ohio. The school opened August 2008 as the first private high school in the USA with the Montessori name. The campus includes three mansions converted into classrooms and rooms for boarding students. MHS combines Montessori education with the International Baccalaureate program one of three to do so in the United States.
1	St. Henry High School	 St. Henry High School is a public high school located in St. Henry Ohio. It is part of the St. Henry Consolidated Local Schools district. Their nickname is the Redskins. They are a member of the Midwest Athletic Conference.
1	Abraham Darby Academy	 Abraham Darby Academy for the Performing Arts and Business Enterprise in Telford Shropshire England is the current name for the comprehensive school on Hill Top Lane Ironbridge Road in Madeley which was first founded in 1937. It is named after Abraham Darby III and is situated approximately one mile from the Iron Bridge which he built in 1779.
1	Glendale University	 Glendale University or Glenndale University is an unaccredited online supplier of academic degrees. Glendale's website states that the institution was founded in 1997 but a New York Times reporter who contacted the institution by phone in 2006 was told that it had been in business since 1983.Educational authorities in the states of Oregon and Maine report that Glendale markets itself using the same website as Oaklands University another unaccredited institution.
7	Kaukapakapa River	 The Kaukapakapa River is a river of New Zealand's North Island. It flows west reaching the southernmost point of the Kaipara Harbour close to the town of Helensville. The small township of Kaukapakapa lies on the banks of the river some five kilometres from its mouth.
7	Kalamita Gulf	 Kalamita Gulf (Russian: Каламитский залив Ukrainian: Каламітська затока Crimean Tatar: Kalamita körfezi Каламита корьфези) is a gulf in the Black Sea near Yevpatoria Crimea.
7	Grand Lake (New Brunswick)	 Grand Lake is a lake in central New Brunswick Canada approximately 40 kilometres east of Fredericton; and the province's largest freshwater lake. The lake drains through the Jemseg River and the Grand Lake Meadows into the Saint John River.The lake is popular for recreation with locals with several beaches and cottages on its shores.Commercial barges of forest products were towed across the lake from a large sawmill in Chipman to a pulp mill in Saint John until the late 1990s.
7	Snowshoe Lake (Montana)	 Snowshoe Lake is a small alpine lake located in the Cabinet Mountains in Montana. Snowshoe Peak overlooks the lake. Granite Lake and Leigh Lake are also located nearby.
7	Giandari	 Giandari is a mountain peak approximately 1250 metres (4100 ft) in height in the Sulaiman Mountains range in Pakistan. It is located in the Mazari Tribal Territory of Rojhan Mazari on the Balochistan Province—Punjab Province border .It is about 65 kilometres (40 mi) west of Indus River. Giandari is a part of the large and extensive Sulaiman Range of mountains and hills. Rojhan Mazari (28°34′N 70°13′E) is the closest town near the Indus River.
7	Grays Peak	 Grays Peak is the highest mountain in the Front Range of the Southern Rocky Mountains in the U.S. State of Colorado. Grays Peak is the tenth highest summit of the entire Rocky Mountains and is one of 54 fourteeners (mountains of over 14000 feet (4268 m) in elevation) in Colorado. Its nearest major city is Denver. Botanist Charles C. Parry made the first recorded ascent of the summit in 1861 and named the peak in honor of his botanist colleague Asa Gray.
7	Moara Dracului River (Valea Caselor)	 The Moara Dracului River is a tributary of the Valea Caselor in Romania.
7	Valea Babei River (Gârbova)	 The Valea Babei River is a tributary of the Gârbova River in Romania.
7	Peak Korzhenevskaya	 Peak Korzhenevskaya is the third highest peak in the Pamir Mountains of Tajikistan. It is one of the five Snow Leopard Peaks in the territory of theformer Soviet Union. It is named after Evgenia Korzhenevskaya the wife of Russian geographer Nikolai L. Korzhenevskiy who discovered the peak in August 1910.Due to transliteration and declension issues the peak's name is rendered in many different ways including Korzhenevski Korzhenevskoi and Korzhenievsky.
7	Valea Borcutului River (Baia Mare)	 The Valea Borcutului River is a tributary of the Săsar River in Romania.
7	Little Maple River	 The Little Maple River is a 16.5-mile-long (26.6 km) tributary of the Maple River in the central part of the Lower Peninsula of the U.S. state of Michigan. It rises in Victor Township Clinton County at the outlet of Cedar Lake. It flows through Sleepy Hollow State Park which surrounds Lake Ovid. Lake Ovid was created by damming the Little Maple River. The Little Maple River joins the Maple River in Ovid Township Clinton County.
7	Dorfen (river)	 Dorfen is a river of Bavaria Germany.
7	Wannebach (Ruhr Westhofen)	 Wannebach (Ruhr Westhofen) is a river of North Rhine-Westphalia Germany.
7	Meenuliyan Para	 Meenuliyan Para (or Meenuli) is a scenic mountain peak situated near Thodupuzha in Idukki district in the Indian state of Kerala. 'Para' in Malayalam language means a rock. Meenuliyan para is noted for a huge rock that rises more than 4000 feet and has about two acres of evergreen forest on top of it. The rock itself covers an area more than 500 acres. The surface of this huge rock mountain looks like fish scales and hence the mountain gets the name ‘ Meenuliyan Para’.
7	Michincha	 Michincha is a stratovolcano on the border of Bolivia and Chile. It is part of an east-west trending ridge of stratovolcanoes. To its east lies Olca. The only historical activity from the complex was a flank eruption from 1865-1867.
7	Pegasus Bay	 Pegasus Bay is on the east coast of the South Island of New Zealand.
11	Trees Outside the Academy	 Trees Outside the Academy is an alternative rock album by American musician Thurston Moore of Sonic Youth. It was released on 18 September 2007 and was Moore's first solo album since 1995's Psychic Hearts. It was released on Moore's own label Ecstatic Peace!. It was recorded with Sonic Youth's drummer Steve Shelley and violinist Samara Lubelski.The recording took place at Dinosaur Jr guitarist J. Mascis' home studio. Mascis also contributed lead guitar for some tracks.
11	You Light Up My Life (Johnny Mathis album)	 You Light Up My Life is an album by American pop singer Johnny Mathis that was released in March 1978 by Columbia Records. It made its first appearance on Billboard magazine's Top LP's & Tapes chart in the issue dated April 1 1978 and remained there for 24 weeks peaking at number 9 while in the meantime receiving Gold certification from the Recording Industry Association of America on May 2 and Platinum certification two months later on July 6.
11	Smash the System: Singles and More	 Smash the System: Singles and More (2001) is a double-CD greatest hits album by Saint Etienne. The compilation samples music from most of their releases spanning the years from 1990 to 1999. Most tracks are featured in their single or edit versions with the exception of 'Join Our Club' which a new mix as the original sounded too 'muddy'.
11	The Radio One Sessions (Elastica album)	 The Radio One Sessions is a compilation of BBC Radio One sessions recorded by Britpop group Elastica. The album is notable for the appearance of several songs not included on any other Elastica release.
11	Sunbeam (album)	 Sunbeam is an album by The Emotions. Sunbeam has been certified Gold by the RIAA.
11	Vincero	 Vincero is the debut album by French singer Amaury Vassili. It was released on 6 February 2009. The album reached number 9 on the French Albums Chart. The album went double platinum and sold over 250000 copies in France.
11	Neapolitan Nights	 Neapolitan Nights is an album by saxophonist Willis Jackson which was recorded in 1962 and released on the Prestige label.
11	Gene Pitney's Big Sixteen Volume Two	 Gene Pitney's Big Sixteen Volume Two is American singer Gene Pitney's tenth album released on the Musicor label in the United States in 1965. The album was released as Gene Pitney's More Big Sixteen on the Stateside label in the United Kingdom.The compilation album featured Pitney's two most recent hit singles - It Hurts to Be in Love and I'm Gonna Be Strong - together with a range of lesser hits and album-only tracks from earlier releases and one new track Fool Killer.
11	The Pinwheel Galaxy	 The Pinwheel Galaxy (2002) is the third album from John & Mary.
11	Solo (Cecil Taylor album)	 Solo is a live album by Cecil Taylor recorded at Lino Hall in Tokyo on May 29 1973 and released on the Japanese Trio label.
11	The Best of Cold Chillin' (Kool G Rap & DJ Polo)	 The Best of Cold Chillin is a compilation album by rap group Kool G Rap & DJ Polo.
11	Time Passes By	 Time Passes By is the sixth studio album released by American country music artist Kathy Mattea. It was released in 1991 (see 1991 in country music) on Mercury Records. The album like her last two studio albums before it was certified gold by the RIAA. Singles released from it include the title track at #7 Whole Lotta Holes at #18 and Asking Us to Dance at #27.
11	Party (Iggy Pop album)	 Party is a 1981 album by Iggy Pop. For this record he collaborated with Ivan Kral who is best known as guitar and bass player for Patti Smith in the 1970s.
11	Ways of Meaning	 Ways of Meaning is a full length vinyl digital download and art edition album from Canadian composer Kyle Bobby Dunn. It was recorded at Bunce Cake studios in Brooklyn by the composer in 2010. The recordings are mostly quiet songs that are shorter in length from his earlier material and the 2010 release A Young Person's Guide to Kyle Bobby Dunn.
11	Men from Earth	 Men from Earth is the fourth album by the Country rock/Southern rock band The Ozark Mountain Daredevils. Founding band member Randle Chowning left to go solo after The Car Over The Lake Album and was replaced by Rune Walle in time for Men From Earth. The album includes a pair of standout Larry Lee tunes the romantic You Know Like I Know and the hard-country Homemade Wine.
11	Rock 'n' Roll (John Lennon album)	 Rock 'n' Roll is the sixth studio album by John Lennon. Released in 1975 it is an album of late 1950s and early 1960s songs as covered by Lennon. Recording the album was problematic and spanned an entire year: Phil Spector produced sessions in October 1973 at A&M Studios and Lennon produced sessions in October 1974 at Record Plant Studios (East). Lennon was being sued by Morris Levy over copyright infringement of one line in his song Come Together.
8	Nowe Budy Nowy Dwór Mazowiecki County	 Nowe Budy [ˈnɔvɛ ˈbudɨ] is a village in the administrative district of Gmina Leoncin within Nowy Dwór Mazowiecki County Masovian Voivodeship in east-central Poland. It lies approximately 10 kilometres (6 mi) south of Leoncin 16 km (10 mi) south-west of Nowy Dwór Mazowiecki and 33 km (21 mi) west of Warsaw.
8	Nammonggwe	 Nammonggwe is a village in Homalin Township Hkamti District in the Sagaing Region of northwestern Burma.
8	Phú Lộc	 Phú Lộc is a commune (xã) and village in Cái Nước District Cà Mau Province in Vietnam.
8	Gniewowo Pomeranian Voivodeship	 Gniewowo [ɡɲeˈvɔvɔ] is a village in the administrative district of Gmina Wejherowo within Wejherowo County Pomeranian Voivodeship in northern Poland. It lies approximately 5 kilometres (3 mi) south-east of Wejherowo and 32 km (20 mi) north-west of the regional capital Gdańsk.For details of the history of the region see History of Pomerania.The village has a population of 372.
8	Zadębce	 Zadębce [zaˈdɛmpt͡sɛ] is a village in the administrative district of Gmina Trzeszczany within Hrubieszów County Lublin Voivodeship in eastern Poland.
8	Deuvumi Baluwa	 Deuvumi Baluwa is a village development committee in Kavrepalanchok District in the Bagmati Zone of central Nepal. At the time of the 1991 Nepal census it had a population of 6773 .
8	Tartak Lublin Voivodeship	 Tartak [ˈtartak] is a village in the administrative district of Gmina Zakrzówek within Kraśnik County Lublin Voivodeship in eastern Poland.
8	Željova	 Željova (Serbian: Жељова) is a village in the municipality of Banovići Bosnia and Herzegovina.
8	Deh Kohneh Dalahu	 Deh Kohneh (Persian: ده كهنه‎ also Romanized as Deh-e Kohneh) is a village in Bivanij Rural District in the Central District of Dalahu County Kermanshah Province Iran. At the 2006 census its population was 135 in 27 families.
8	Međa (Leskovac)	 Međa is a village in the municipality of Leskovac Serbia. According to the 2002 census the village has a population of 872 people.
8	Jangarek-e Pain	 Jangarek-e Pain (Persian: جنگارك پائين‎ also Romanized as Jangārek-e Pā’īn; also known as Jangārk) is a village in Pir Sohrab Rural District in the Central District of Chabahar County Sistan and Baluchestan Province Iran. At the 2006 census its population was 139 in 26 families.
8	Taşoluk Gülnar	 Taşoluk is a village in Gülnar district of Mersin Province Turkey. It is situated in the mountainous area to the west of Gülnar. The distance to Gülnar is 24 kilometres (15 mi) and to Mersin is 184 kilometres (114 mi) . The population of Taşoluk was 161 as of 2012.
8	Pachok	 Pachok is a village development committee in Lamjung District in the Gandaki Zone of northern-central Nepal. At the time of the 1991 Nepal census it had a population of 2690 people living in 509 individual households.
8	Rogóż Lidzbark County	 Rogóż [ˈrɔɡuʂ] (German: Roggenhausen) is a village in the administrative district of Gmina Lidzbark Warmiński within Lidzbark County Warmian-Masurian Voivodeship in northern Poland. It lies approximately 8 kilometres (5 mi) north-east of Lidzbark Warmiński and 44 km (27 mi) north of the regional capital Olsztyn.Before 1772 the area was part of Kingdom of Poland 1772-1945 Prussia and Germany (East Prussia).
8	Cherlanqush	 Cherlanqush (Persian: چر لانقوش‎ also Romanized as Cherlānqūsh; also known as Cherlān Qūch) is a village in Qanibeyglu Rural District Zanjanrud District Zanjan County Zanjan Province Iran. At the 2006 census its population was 200 in 44 families.
8	Kuh Kamar Golestan	 Kuh Kamar (Persian: كوه كمر‎ also Romanized as Kūh Kamar) is a village in Qaleh Qafeh Rural District in the Central District of Minudasht County Golestan Province Iran. At the 2006 census its population was 100 in 30 families.
5	Composite Corridor	 The Composite Corridor (or CK) is a railway coach with a number of compartments some of which are standard class (previously second né third class) and some first class linked by a side corridor.
5	SS Changte (1925)	 Changte was a 4324 tons steam ship built by Hong Kong and Whampoa Dock Company Hong Kong in 1925 for the Australian Oriental Line.
5	XGAM-71 Buck Duck	 The XGAM-71 Buck Duck was a decoy missile that was developed by Convair in the late 1950s. It was intended to have the same radar signature as the Strategic Air Command's B-36 bomber thereby allowing it to disrupt the enemy's air defenses and dilute their effort to shoot down an incoming bomber fleet.Convair built the first prototype using their own funds but received an official development contract from the United States Air Force on 16 August 1954. The project designation was MX-2224.
5	USS Relief (AH-1)	 The sixth USS Relief (AH-1) the first ship of the U.S. Navy designed and built from the keel up as a hospital ship was laid down 14 June 1917 by the Philadelphia Navy Yard; launched 23 December 1919; and commissioned 28 December 1920 at Philadelphia Commander Richmond C. Holcomb Medical Corps USN in command.With a bed capacity of 550 patients Relief was one of the world's most modern and best equipped hospital ships.
5	French submarine Fresnel (Q65)	 French submarine Fresnel (Q65) was a Laubeuf type submarine of the of Pluviôse class built for the French Navy prior to World War I.
5	Thatcher Magoun (clipper)	 The Thatcher Magoun an extreme clipper launched in 1855 was named after Medford's great shipbuilder Thatcher Magoun who died the year that she was launched.
5	GE U28B	 The GE U28B diesel-electric locomotive model replaced the U25B in early 1966 featuring a slightly uprated prime mover (only 300 hp (220 kW) more power than the U25B). Early units had the same carbody styling as the U25B while later units had design features (e.g. shortened nose) more in common with later models. After only a year of production this model was superseded by the U30B.
5	USS Plaice (SS-390)	 USS Plaice (SS-390) a Balao-class submarine was a ship of the United States Navy named for the plaice one of the various American flatfish; summer flounder. She participated in the Pacific War campaign of World War II receiving six battle stars for her service. The United States later transferred her to Brazil in a joint cooperation program.
5	MPI HSP46	 The MPI HSP46 is a four-axle AC-traction diesel-electric locomotive for commuter trains designed and assembled by MotivePower Inc. It meets EPA Tier 3 emissions standards. The launch customer is the Massachusetts Bay Transportation Authority (MBTA) whose first unit entered revenue service in April 2014.
5	Piper PA-23	 The Piper PA-23 named Apache and later Aztec is a four-to-six-seat twin-engined light aircraft aimed at the general aviation market that also saw service with the United States Navy and other countries' military forces in small numbers. Originally designed in the 1950s by the Stinson Aircraft Company the Apache and its more powerful development the Aztec were manufactured from the 1950s to the 1980s by Piper Aircraft in the United States.
5	USS Straub (DE-181)	 USS Straub (DE-181) was a Cannon-class destroyer escort built for the United States Navy during World War II. She served in the Atlantic Ocean and provided escort service against submarine and air attack for Navy vessels and convoys. She was laid down on 7 June 1943 by the Federal Shipbuilding and Dry Dock Co. at Newark New Jersey. Sponsored by Mrs. Margaret H. Straub the escort was launched on 19 September and commissioned on 25 October 1943 at the Brooklyn Navy Yard Lt. Comdr. James T.
5	P-class cruiser	 The P class was a German Navy group of twelve heavy cruisers; they were the successor to the Deutschland-class cruisers. Design work began in 1937 and continued until 1939; at least nine designs were considered. The final design was armed with six 28 cm (11 in) quick-firing guns in two triple turrets as in the preceding Deutschland class. The ships were designated as Panzerschiff (armored ship) and given the preliminary names P1–P12.
5	South African Class DS1	 The South African Class DS1 of 1939 was a South African diesel-electric locomotive from the South African Railways era.The second diesel-electric locomotive on the South African Railways was a single Class DS1 AEG diesel-electric shunting locomotive that was placed in service in 1939. Two of these locomotives were delivered to South Africa one for the Railways and another for the Electricity Supply Commission.
5	KiHa 283 series	 The KiHa 283 series (キハ283系) is a tilting diesel multiple unit (DMU) train type operated by Hokkaido Railway Company (JR Hokkaido) on limited express services in Hokkaido Japan since 1997. They were based on the KiHa 281 series trains introduced in 1994.
5	Transocean John Shaw	 Transocean John Shaw is a semi-submersible drilling rig designed by Friede & Goldman as a self-propelled modified & enhanced pacesetter built and delivered in 1982 by Mitsui Engineering & Shipbuilding Ltd. in Japan. The Panama-convenience flagged vessel was designed and outfitted to operate in harsh environments and is currently located in the North Sea of the Scotland.
5	HMS Inglis (K570)	 HMS Inglis (K570) was a Captain-class frigate in the Royal Navy. Built as USS Inglis (DE-125) an Evarts-class destroyer escort at the Boston Navy Yard Boston Massachusetts for the United States Navy she was launched 2 November 1943; accepted and transferred to Great Britain under Lend-Lease 12 January 1944.This and other Evarts-class destroyer escorts formed the Captain class of frigates in the Royal Navy and played a vital part in Allied antisubmarine operations in the Atlantic.
10	Cystopteris	 Cystopteris is a genus of ferns in the family Cystopteridaceae. These are known generally as bladderferns or fragile ferns. They are found in temperate areas worldwide. This is a very diverse genus and within a species individuals can look quite different especially in harsh environments where they experience stress and remain small and stunted. Also they hybridize easily with each other. Identifying an individual can be challenging.
10	Perityleae	 Perityleae is a tribe of flowering plants in the subfamily Asteroideae.
10	Ulmus minor 'Koopmannii'	 The Ulmus minor cultivar 'Koopmannii' Lauche ex. Spath was cloned from a specimen raised from seed sent from Margilan Turkestan by Koopmann to the Botanischer Garten Berlin [1] c. 1880. The tree was first listed in the Späth nursery (Berlin Germany) catalogue no. 62 p. 6. 101 1885 as Ulmus Koopmannii and later by Krüssmann in Handb. Laubgeh. 2: 534 1962 as a cultivar.Margilan is outside the main range of Ulmus minor.
10	Dillenia philippinensis	 Dillenia philippinensis (katmon) is a favorite tree among Filipino garden enthusiasts. It is endemic to the Philippines and can be used for urban greening. Its fruit is known as elephant apple. Katmon grows in low to medium altitude forests throughout the Philippines but does not survive the cold climates of the uplands.
10	Quercus rugosa	 Quercus rugosa (the netleaf oak) is a species of oak tree which is found in Mexico and the southwestern United States.
10	Shorea affinis	 Shorea affinis is a plant species in the Dipterocarpaceae family endemic to Sri Lanka.
10	Rhamnidium	 Rhamnidium is a genus of plant in family Rhamnaceae. Species include: Rhamnidium caloneurum Standl. Rhamnidium dictyophyllum Urb.
10	Bulbophyllum elegans	 Bulbophyllum elegans is a species of orchid in the genus Bulbophyllum.
10	Calliandra grandiflora	 Calliandra grandiflora is a species of flowering plants of the genus Calliandra in the Fabaceae family.
10	Inga alba	 Inga alba is a species of tree from the Fabaceae family native to Central and SouthAmerica.
10	Lippia	 Lippia is a genus of flowering plants in the verbena family Verbenaceae. It was named after Augustus Lippi a French traveler. The genus contains roughly 200 species of tropical shrubs that are found around the world. Plants are fragrant due to their essential oils which vary between species but may include estragole carvacrol linalool or limonene. The leaves of certain species such as L. graveolens can be used as a culinary herb similar to oregano.
10	Vismia	 Vismia is a genus of flowering plants in the family Hypericaceae. Like many members of the Hypericaceae these plants contain xanthonoids.Species include:Vismia bacciferaVismia guianensisVismia jefensisVismia micranthaVismia parvifloraVismia pauciflora
10	Agoseris aurantiaca	 Agoseris aurantiaca is a liguliferous species in the Asteraceae or sunflower family and is commonly called orange agoseris or mountain dandelion. It is widespread and common in western North America from Alaska and western Canada southward to California Arizona and New Mexico. It also occurs disjunctly in the Chic-Choc (Gaspe Peninsula) and Otish Mountains (Laurentian Plateau) of Quebec. This is primarily a species of mountainous regions and may be found in wet to dry habitats.
10	Salvia coulteri	 Salvia coulteri (Coulter's sage) is a perennial shrub that grows on dry rocky mountainsides in five Mexican states: Nuevo Leon Zacatecas Tamaulipas Durango and Hidalgo. It was introduced to horticulture in 1991 from a plant collected at 4000 ft in Nuevo Leon. It grows about 2.5 ft tall and 3 ft wide with many stems and a graceful appearance. The small (.5 in) electric lavender-blue flowers grow in tight whorls and bloom profusely.
10	Clusia carinata	 Clusia carinata is a species of flowering plant in the Clusiaceae family.It is found only in Peru.
10	Erymophyllum	 Erymophyllum is a genus of flowering plants in the family Asteraceae endemic to Australia. Species include:Erymophyllum glossanthus Paul G.WilsonErymophyllum hemisphaericum Paul G.WilsonErymophyllum ramosum (A.Gray) Paul G.WilsonErymophyllum tenellum (Turcz.) Paul G.Wilson↑
0	Guardian Alarm	 Guardian Alarm a division of Guardian Security Services is one of the largest independently owned security companies in North America.
0	Tillamook County Creamery Association	 The Tillamook County Creamery Association (TCCA) is a dairy cooperative headquartered in Tillamook County Oregon United States. The association manufactures and sells dairy products under the Tillamook brand name. Its main facility is the Tillamook Cheese Factory located two miles north of the city of Tillamook on U.S. Route 101.The 44th largest dairy processor in North America Tillamook posted $382 million in sales in 2007 the trade magazine Dairy Foods reports.
0	Alliance Boots	 Alliance Boots GmbH is a multinational pharmacy-led health and beauty group. It has two core business activities - pharmacy-led health and beauty retailing and pharmaceutical wholesaling and distribution - and has a presence in over 25 countries including associates and joint ventures.
0	Kamloops Transit System	 Kamloops Transit operates the public bus transit system in the City of Kamloops in south central British Columbia Canada. The system consists of 15 regularly scheduled routes one Sunday route several school specials and handyDART customized service for persons with a disability. Funding is provided through a partnership between the City and BC Transit the provincial agency which plans and manages municipal transit systems. Operations are contracted out to FirstCanada ULC.
0	Severn Link	 Severn Link is a ferry operating company which intends to provide ferry services across the Bristol Channel in England and Wales.The first route planned would link Ilfracombe with Swansea. The passenger service was expected to launch at Easter 2010. but talks to find a new investor were still underway in autumn 2010 and the launch was delayed until 2011. The route would be served by 40 metre Flying Cat passenger ferries capable of running at 34 knots and carrying up to 360 seated passengers.
0	Meteor (mobile network)	 Meteor Mobile Communications Limited a part of eircom is a GSM and UMTS mobile telecommunications company in Ireland. They operate a GSM/GPRS/EDGE/UMTS(HSPA+)and LTE cellular communications network under licence from the Commission for Communications Regulation (ComReg) and were the third entrant in the market after Vodafone Ireland and O2 Ireland. The company is a wholly owned subsidiary of Irish telecoms network eircom having been purchased for €420m in 2005.
0	Clean Power Finance	 Clean Power Finance® headquartered in San Francisco California is a financial services and software company. Clean Power Finance operates the CPF Market® an online business-to-business platform that connects providers of capital with residential solar professionals who need solar finance products to grow their businesses.
0	Coldwater Creek	 Coldwater Creek was an American women's clothing and accessories retailer based in Sandpoint Idaho. The company was founded in 1984 by Dennis and Ann Pence. Coldwater Creek sold its products in stores through catalogs and online. The online outlet carries clothing that was featured during previous seasons. The company had 304 stores in operation at the end of the 2007 fiscal year.
0	Dunlaps	 Dunlaps based in Fort Worth Texas USA was a family-owned chain of department stores in the central and southern United States catering to most classes depending on the location. The chain operated under the trade names of Dunlaps Stripling & Cox MM Cohn Rogers Clark's Schreiner's Kerr's Kline's The White House and Gabriel's. The company operated 38 stores in eight states.
0	Turn2us	 Turn2us is a UK-based non-profit service that helps people in financial need access the money available to them - through welfare benefits grants and other financial help.
0	Brighterion	 Brighterion is a Delaware Corporation headquartered in San Francisco California that offers software for realtime fraud prevention.The company won the 2005 EPCA/ECR award for the most Innovative and Cost-effective Payments Processing Solution launched during 2005.
0	Frontier Communications of the Carolinas	 Frontier Communications of the Carolinas LLC is an operating company created in 2009 when some assets of Verizon South were split off and sold to Frontier Communications. The company provides local telephone service to former Verizon (formerly GTE and Contel) customers in portions of southern Wisconsin Illinois South Carolina and North Carolina.The company was established in 2009 as New Communications of the Carolinas Inc.
0	Holland's Pies	 Holland's Pies is a manufacturer of pies and puddings based in Baxenden near Accrington in Lancashire England. Owned by Northern Foods the company also produce pasties sausage rolls and pork pies.
0	CIMP	 Creative Improvised Music Projects usually abbreviated CIMP or C.I.M.P. is an American jazz record label. It is associated with Cadence Magazine and Cadence Jazz Records. Acoustically the label is noted for its minimal use of electronic processing and its spare microphoning technique. Bob Rusch founded CIMP in 1995 with his children Marc and Kara working as recording engineer and album artwork producer respectively.
0	American President Lines	 American President Lines Ltd. (now simply referred to as APL) is the world's seventh-largest container transportation and shipping company providing more than 80 weekly services.APL operates a containership fleet including 153 container vessels. It is a wholly owned subsidiary of Neptune Orient Lines (NOL) a global transportation and logistics company engaged in shipping and related businesses based in Singapore.In 1938 the U.S.
0	Radar Music Videos	 Radar Music Videos is a music video commissioning company based at RAK Studios in London. The network comprises more than 10000 music video directors worldwide. The service enables labels artists and managers to commission music videos from new director talent. Radar was founded by Caroline Bottomley 2007 as The Radar Festival a music video festival held at London’s Apple store.
4	Ernest Mangu	 Ernest Mangu is the Inspector General of Police of Tanzania.
4	Katherine D. Ortega	 Katherine Dávalos Ortega (born July 16 1934) was the 38th Treasurer of the United States. She served from September 26 1983 to July 1 1989 under Presidents Ronald Reagan and the George H. W. Bush. Ortega also has the distinction of being the first female bank president in the state of California.
4	William Merritt (mayor)	 William Merritt (died 1708) was the 22nd Mayor of New York City from 1695 to 1698.
4	Lawrence Alexander Wilson	 Lawrence Alexander Wilson (June 14 1863 - March 3 1934) was a Quebec business philanthropic and political figure. He was prominent in the Coteau-du-Lac Quebec and the Soulanges region. The Wilson family came from Aberdeen Scotland and settled in Quebec in the nineteenth century. Lawrence Alexander Wilson was born in Montreal.
4	Ivica Dačić	 Ivica Dačić (Serbian Cyrillic: Ивица Дачић pronounced [îʋitsa dâtʃitɕ]; born 1 January 1966) is a Serbian politician who has been the Minister of Foreign Affairs of Serbia since April 2014. He is the leader of the Socialist Party of Serbia. From 2008 to April 2012 he served as Minister of Internal Affairs then as Prime Minister of Serbia and Minister of Internal Affairs from July 2012 to April 2014.Dačić graduated from the University of Belgrade in 1989 and joined the Socialist Party in 1991.
4	Maya Singh	 Maya Singh (born 15 August 1950) is an Indian politician of the Bharatiya Janata Party and is a member of the Parliament of India representing Madhya Pradesh in the Rajya Sabha the upper house of the Indian Parliament.On December 8 2013 she was elected as MLA after winning Legislative Assembly elections in Gwalior with 59824 votes.
4	Bríd Rodgers	 Bríd Rodgers (born Bríd Stratford (born 20 February 1935 in Gweedore [Gaoth Dobhair] County Donegal Ireland is an Irish nationalist former politician.Although born and brought up in a Gaeltacht area in the west of County Donegal in the Republic of Ireland she was politically active in Northern Ireland where she was Deputy-Leader of the Social Democratic and Labour Party (SDLP) and Member of the Legislative Assembly for Upper Bann.
4	Soma Kumari Tennakoon	 Soma Kumari Tennakoon (June 18 1960 – September 24 2009) was a Sri Lankan politician from the Kurunegala District. She was a former member of the Parliament of Sri Lanka and served as a top member of the Wayamba Provincial Council representing the United People's Freedom Alliance. She also held the title of chairman of Laksala. At the time of her death she was visiting Hambantota in order to help the Southern Provincial council elections.
4	Ferenc Gordon	 Ferenc Gordon (12 February 1893 – 18 August 1971) was a Hungarian politician who served as Minister of Finance between 1945 and 1946. He studied at the Academy of Trade. He usually published articles about the economic in 1920s and 1930s. He was a member of the Independent Smallholders Agrarian Workers and Civic Party (FKGP) since 1934. Gordon had good relations with the Hungarian Social Democratic Party and supported the alliance between the two parties in 1943.
4	Simon Reevell	 Simon Justin Reevell (born 2 March 1966) is a British barrister and Conservative Party politician. He has been Member of Parliament (MP) for Dewsbury in West Yorkshire since winning the seat at the 2010 election.
4	Jorge B. Vargas	 Jorge Bartolome Vargas (August 24 1890 – February 22 1980) was a lawyer and youth advocate born in Bago City Negros Occidental Philippines. He graduated valedictorian from Negros Occidental High School in 1909 and obtained a Bachelor of Arts degree in 1911 and a Bachelor of Law degree with honors in 1914 both from the University of the Philippines.
4	Ron Wilson (politician)	 Ron Wilson is an Anderson County South Carolina politician. He was on the Anderson County Council and on the South Carolina Board of Education a former national commander of the Sons of Confederate Veterans serving from 2002 to 2004 when he ran unsuccessfully for a seat in the South Carolina Senate representing Anderson County South Carolina. In 2007 Wilson was elected as the Republican representative for Anderson County Council District 6.
4	Shanti Bhushan	 Shanti Bhushan (born 11 November 1925 Allahabad United Provinces) is a former Law Minister of India holding office at the Ministry of Law and Justice from 1977 to 1979 in the Morarji Desai Ministry. He is a very senior advocate of the Supreme Court of India. He along with his son Prashant Bhushan was featured at 74th position in a list of the most powerful Indians published by The Indian Express in 2009.
4	Malcolm Pearson Baron Pearson of Rannoch	 Malcolm Everard MacLaren Pearson Baron Pearson of Rannoch (born 20 July 1942 Devizes Wiltshire) is a British businessman and the former leader of the UK Independence Party (UKIP). He is a member of the House of Lords.
4	Roundell Palmer 1st Earl of Selborne	 Roundell Palmer 1st Earl of Selborne PC (27 November 1812–4 May 1895) was a British lawyer and politician. He served twice as Lord Chancellor of Great Britain.
4	Edward Brooke	 Edward William Brooke III (born October 26 1919) is an American Republican politician in 1966 being the first African American popularly elected to the United States Senate. He was the only person of African heritage sent to the Senate in the 20th century until Democrat Carol Moseley Braun of Illinois in 1993 and the only African-American Senator to serve multiple terms.
13	Zhodzinskiya Naviny	 Zhodzinskiya Naviny (Жодзінскія Навіны; Zhodino News) is a newspaper published in Zhodzina Belarus.
13	White Acre vs. Black Acre	 White Acre vs. Black Acre is an 1856 plantation fiction novel written by William M. Burwell.
13	The Art of Racing in the Rain	 The Art of Racing in the Rain is a 2008 novel by American author and film producer Garth Stein — told from a dog's point of view. The novel became a New York Times bestseller remaining on the list for more than 156 weeks.
13	1st to Die	 1st to Die is the first book in the Women’s Murder Club (book series) series written by James Patterson. The series is about four friends who pool their skills together to crack San Francisco's toughest murder cases.
13	Vulcan's Forge (Jack Du Brul novel)	 Vulcan's Forge is an adventure novel by Jack Du Brul. This is the 1st book featuring the author’s primary protagonist Philip Mercer.
13	S.S. Astro	 S.S. Astro (教艦ASTRO Kyōkan ASTRO lit. Teach-Warship Astro) is a Japanese four-panel comic strip manga by Negi Banno about the lives of female teachers within a school at which they teach. The Astro in the title is actually an acronym abbreviating Asahio Sogo Teacher's ROom alluding to the school's name Asahio Sogo.
13	Love You Forever	 Love You Forever is a Canadian picture book written by Robert Munsch and published in 1986. It tells the story of the evolving relationship between a boy and his mother.The book was written after Munsch and his wife had two stillborn babies. They have since become adoptive parents of three.
13	De nakomer	 De nakomer is a novel by Dutch author Maarten 't Hart. It was first published in 1996.
13	African Development Review	 The African Development Review is devoted to the study and analysis of development policy in Africa.
13	Journal of Topology	 The Journal of Topology is a peer-reviewed scientific journal on the subject of topology. It was established in 2008 when the editorial board of Topology resigned to start the Journal of Topology. The journal is published by Oxford University Press on behalf of the London Mathematical Society.It appears quarterly with articles published individually on line prior to appearing in a printed issue.
13	Al Ghad	 The Al Ghad (Arabic: الغد‎ meaning The Tomorrow) is an independent Arabic daily national newspaper published in Jordan and headquartered in Amman.
13	The Devil Finds Work	 The Devil Finds Work is a book length essay by writer James Baldwin. Published in 1976 it is both a memoir of his experiences watching movies and a critique of the racial politics of American cinema. It opens with a discussion of a Joan Crawford film which is the first movie Baldwin can remember seeing and ends with a discussion of The Exorcist which came out in 1973. Among the other movies discussed are Guess Who's Coming to Dinner In the Heat of the Night and The Defiant Ones.
13	The Color of Love (manga)	 The Color of Love (コイノイロ Koi no Iro) is a Japanese manga written and illustrated by Kiyo Ueda. It is licensed in North America by Digital Manga Publishing which released the manga on March 25 2008.
13	The Northwest Explorer	 The Explorer Newspaper is a weekly newspaper in Tucson Arizona USA.Its coverage area includes the towns of Oro Valley and Marana and the communities of Catalina Foothills Casas Adobes Catalina SaddleBrooke Tortolita Oracle along with neighborhoods in the City of Tucson and Pima County.It is the 9th largest newspaper in Arizona with a circulation of 47475. In 2007 it was sold to Thirteenth Street Media. It became part of 10/13 Communications owner of the East Valley Tribune in 2010.
13	The Perfect Murder	 The Perfect Murder is a crime novel by H. R. F. Keating. The novel is the first appearance of Keating's serial detective Inspector Ghote of Mumbai police in which his investigation of the apparent murder of the Parsi Mr Perfect was assisted informally by the Swedish UNESCO analyst Axel Svensson. The novel which Keating wrote without ever having been to India won a Crime Writers' Association Gold Dagger Award in 1964 and was adapted into a film in 1988 by Merchant Ivory.
13	Economic & Industrial Democracy	 Economic and Industrial Democracy is a quarterly peer-reviewed academic journal that covers research in the field of social sciences with a particular focus on industrial relations and organization of the workplace and economic life. The journal was established in 1980 and is published by SAGE Publications in association with the Department of Economic History of Uppsala University.
3	Mike Mitchell (basketball born 1967)	 Michael Eric Mike Mitchell (born April 4 1967) is a retired American professional basketball player.From 1992 to 1994 he played with the Australian NBL's Gold Coast Rollers and with the Brisbane Bullets from 1995 to 1996. In 1997 he signed with the North Melbourne Giants. In the following years he played professionally in Germany France and Ireland.
3	Harry Ostdiek	 Henry Girard Ostdiek (April 12 1881 – May 6 1956) was a reserve catcher in Major League baseball who played for the Cleveland Naps (1904) and Boston Red Sox (1908) during his major league career. Listed at 5 ft 11 in (1.80 m) 185 lb. Ostdiek batted and threw right-handed. He was born in Ottumwa Iowa. In an eight-game career Ostdiek was a .143 hitter (3-for-21) with three RBI one run and one triple without home runs.
3	Thomas Jörg	 Thomas Jörg (born. December 2 1981) is a German professional ice hockey forward who currently plays for Augsburger Panther of the Deutsche Eishockey Liga (DEL).
3	Pat Misch	 Patrick Pat Theodore Joseph Misch (born August 18 1981) is an American professional baseball pitcher who is currently a free agent.
3	Antonina Ryzhova	 Antonina Alekseyevna Ryzhova (Russian: Антонина Алексеевна Рыжова; born July 5 1934 in Moscow Russia) is a former Soviet competitive volleyball player and Olympic silver medalist.
3	Aleksei Yeryomin	 Aleksei Ivanovich Yeryomin (Russian: Алексей Иванович Ерёмин; born July 21 1982) is a Russian professional football player. Currently he plays in the Russian Second Division for FC Lokomotiv Liski.
3	Robert Lightfoot (speedway rider)	 Robert James Lightfoot (often known as Rob Lightfoot born 16 July 1963) is a British former grasstrack and motorcycle speedway rider.
3	Oleg Krivonosov	 Oleg Krivonosov (Latvian: Oļegs Krivonosovs; Russian: Олег Валерьевич Кривоносов; born 11 May 1961 Daugavpils Latvia) is a Latvian chess player. He was awarded the International Master title in 1993.
3	Muhammad Ridhuan	 Muhammad Ridhuan (born 6 May 1984) is a professional football player from Singapore. He plays for S.League side Geylang International and the Singapore national football team.
3	Pananmal Punjabi	 Pananmal Hotchand Punjabi About this sound pronunciation (born 20 September 1921) is a former Indian cricketer who played in five Tests in 1955. He was born in Karachi.A right-handed opening batsman Punjabi had a long but somewhat intermittent first-class cricket career starting with two matches for Sind before partition and resuming more regularly from 1951 for Gujarat.
3	Harry Trott	 George Henry Stevens Harry Trott (5 August 1866 – 10 November 1917) was an Australian Test cricketer who played 24 Test matches as an all-rounder between 1888 and 1898. Although Trott was a versatile batsman spin bowler and outstanding fielder ... it is as a captain that he is best remembered an understanding judge of human nature.
3	Artyom Khachaturov	 Artyom Khachaturov (Armenian: Արտյոմ Խաչատուրով born June 18 1992 in Bender) is an Armenian football player who currently plays defender for the Armenian national team and for Moldovan National Division club FC Tiraspol.
3	Matthias Keller	 Matthias Keller (born 20 November 1974 in Schweinfurt) is a German footballer. He was a member of the team that won promotion to the 2. Bundesliga as well as promotion to the Bundesliga. Since the end of the 2007–08 season Keller played for Hoffenheim's reserve team until 2009. He has a wife Sonja and has one daughter.
3	Bikesh Kuthu	 Bikesh Kuthu is a goalkeeper Nepali national goalkeeper playing for Madhyapur Youth Association.
3	Aleksei Terentjev	 Aleksei Terentjev (born May 13 1977) is an Estonian professional ice hockey player who currently plays for ASK/Ogre.
3	Hendrawan	 Hendrawan (Chinese: 葉誠萬; pinyin: Ye Chengwan born Malang East Java Indonesia; June 27 1972) is a former Chinese Indonesian badminton player.Hendrawan began playing internationally in the early 1990s but at first was overshadowed by a number of his countrymen who rated among the world's elite players. His results gradually improved peaking at the end of the decade and the beginning of the next.
12	A Gala Christmas in Vienna	 A Gala Christmas in Vienna or Christmas in Vienna V is a DVD released in 1998. Plácido Domingo Sarah Brightman Helmut Lotti and Riccardo Cocciante perform traditional European and American Christmas songs in Vienna Austria. A CD of the songs was also released.The orchestra was the Vienna Symphony conducted by Steven Mercurio.
12	Jail Busters	 Jail Busters is a 1955 film starring the comedy team of The Bowery Boys. The film was released on September 18 1955 by Allied Artists and is the thirty-ninth film in the series.
12	What We Do Is Secret (film)	 What We Do Is Secret is a 2007 American biographical film about Darby Crash singer of the late-1970s Los Angeles punk rock band The Germs. Rodger Grossman directed the film and wrote the screenplay based on a story he had written with Michelle Baer Ghaffari a friend of Crash's and co-producer of the film.
12	Double Take (2009 film)	 Double Take is a 2009 essay film directed by Johan Grimonprez and written by Tom McCarthy. The plot is set during the Cold War and combines both documentary and fictional elements. The protagonist is a fictionalised version of Alfred Hitchcock who unwittingly gets caught up in a double take.
12	Under the Rainbow (2013 film)	 Under the Rainbow (French: Au bout du conte) is a 2013 French comedy film directed by Agnès Jaoui. It was co-written by Jaoui and Jean-Pierre Bacri (both of whom act in the film).
12	Love Inventory	 Love Inventory aka Reshimat Ahava (Hebrew: רשימת אהבה‎) is a 2000 Israeli documentary film written and directed by David Fisher and produced by Yahaly Gat and David Fisher. This is the First film in the family trilogy created by director David Fisher followed by Mostar Round-Trip (2011) and Six Million and One (2011).
12	The Ghost of Slumber Mountain	 The Ghost of Slumber Mountain was a 1918 film written and directed by special effects pioneer Willis O'Brien produced by Herbert M. Dawley and starred both men; Dawley played Uncle Jack Holmes while O'Brien played the ghost of Mad Dick the Hermit. Although most of the film itself is lost it is often cited as a trial run for The Lost World.
12	One Night Surprise	 One Night Surprise (Chinese: 一夜惊喜) is a 2013 romantic-comedy film directed and written by Eva Jin and starring Fan Bingbing Aarif Rahman Pace Wu Jiang Jinfu and Daniel Henney.
12	Coyote Ugly (film)	 Coyote Ugly is a 2000 romantic comedy/drama based on the actual Coyote Ugly Saloon set in New York City. The film stars Piper Perabo and Adam Garcia. It was directed by David McNally produced by Jerry Bruckheimer and Chad Oman and written by Gina Wendkos.
12	One of the Hollywood Ten	 One of the Hollywood Ten is a 2000 Spanish and British bio-picture. The film was written and directed by Karl Francis.The drama focuses on screenwriter/director Herbert Biberman and his efforts to make what would become the historic political film Salt of the Earth (1954) produced without studio backing after he was blacklisted for belonging to the American Communist Party.
12	Zelda (film)	 Zelda is a 1993 American television movie based on the lives of author F. Scott Fitzgerald and his wife Zelda Fitzgerald artist and fellow author.
12	Kalaya Tasmai Namaha	 Kalaya Tasmai Namaha is a 2012 Kannada Crime drama movie directed and written by Chandrashekar Shrivastav. The film stars Yogesh and debutante Madhubala in the lead roles. Snake Shyam makes a special appearance in a song sequence. The music is composed by A. M. Neel.
12	Chhota Bheem & Ganesh	 Chhota Bheem & Ganesh is an Indian animated movie featuring Bheem the star of the Indian television cartoon program Chhota Bheem and Ganesh the star of the program Bal Ganesh. It was the second movie of the Chhota Bheem movie series. Running time 22 mins.
12	Il Tenente Giorgio	 Il Tenente Giorgio is a 1952 Italian romance-drama film directed by Raffaello Matarazzo.
12	Beyond the Black Rainbow	 Beyond the Black Rainbow is a 2010 Canadian science fiction film written and directed by Panos Cosmatos his feature film debut. The film stars Michael Rogers as Dr. Barry Nyle. It was produced and filmed in Vancouver and premiered at the 2010 Whistler Film Festival. It also showed at several film festivals throughout 2011 including Tribeca in New York City and Fantasia in Montreal. Magnet Releasing the genre division of Magnolia Pictures has picked up the film for US theatrical release.
12	The Tuskegee Airmen	 The Tuskegee Airmen is a 1995 HBO television movie based on the exploits of an actual groundbreaking unit the first African American combat pilots in the United States Army Air Corps that fought in World War II. The film was directed by Robert Markowitz and stars Laurence Fishburne Cuba Gooding Jr. John Lithgow and Malcolm-Jamal Warner.
2	Di Xiao	 Di Xiao，肖荻 is a classical piano soloist originally from China named in the top 10 up and coming Chinese pianists by International Piano Magazine in 2009. Di Xiao is currently based in the UK.
2	Albert Chevalier	 Albert Onesime Britannicus Gwathveoyd Louis Chevalier (21 March 1861 – 10 July 1923) was an English comedian and actor.
2	Randy Gregg (musician)	 Randy Gregg (born Nov. 8 1969 in Rockaway Beach in Queens New York City) is an American hard rock musician. Currently he is the bass guitar player for Almost Queen. Gregg has additionally performed and recorded with notable acts that include Thin Lizzy The Lauren Harris Band Angel Dee Snider's SMFs and Garlic.Randy Gregg began his musical oeuvre along with Joey Anderson when they formed the band Garlic in 1995.
2	Gerald Petievich	 Gerald Petievich is an American crime writer. He was a United States Secret Service Special Agent from 1970 to 1985.The following films were made of his novels: To Live and Die in L.A. The Sentinel and Boiling Point. Petievich also co-wrote the screenplays for those films. He lived in San Gabriel California.
2	David Prentice	 David Prentice (born 4 July 1936) is an English artist and former art teacher. In 1964 he was one of the four founder members of Birmingham's Ikon Gallery.Prentice's work features in the collections of the Victoria and Albert Museum in London Birmingham Museum and Art Gallery the Art Institute of Chicago the Albright-Knox Art Gallery in Buffalo New York and the Museum of Modern Art in New York City.
2	Rynn Berry	 Rynn Berry (January 31 1945 - January 9 2014) was an American author of books about the history of vegetarianism and vegetarianism in world religions. He wrote a chapter on the history of the raw food movement for Becoming Raw: The Essential Guide to Raw Vegan Diets principally written by Brenda Davis and Vesanto Melina. He also co-authored with Chris Abreu-Suzuki an annual Vegan Guide to New York City the first exclusively vegetarian guidebook.
2	Fereydoon Motamed	 Amir Fereydoon Motamed (AKA Amir Fereydoon Motamed or Fereydoon H. Motamed) 1917–1993 was an internationally known professor and linguist winner of the Louis de Broglie award from the Académie française and recipient of literary award Le Grand Prix Littéraire d'Iran from Writer's Association of French Language.Fereydoon was son of an Iranian surgeon Dr.
2	Deep Fried Man	 Daniel Friedman (born 9 January 1981) known on stage as Deep Fried Man is a South African musical comedian and writer based in Johannesburg. He describes what he does as stand-up comedy with a guitar. He adopted his stage name a play on his real name because it went along with the kind of musical comedy I wanted to do which was an unhealthy kind of comedy.
2	László Ágoston	 László Ágoston (born 25 July 1986) baritone opera singer musical manager (best known as the manager of Kayamar) founder of the Moltopera Company. Son of László T. Ágoston writer.
2	Noel Coleman	 Noel Coleman (26 November 1919 – 12 October 2007) was an English actor who appeared in many television roles. He appeared in the 1969 Doctor Who serial The War Games as General Smythe and he appeared in Red Dwarf as the Cat Priest in the episode Waiting for God.Coleman played General Webb in the British Broadcasting Corporation's eight episode series The Last of the Mohicans in 1971.
2	Rainer Maria Latzke	 Rainer Maria Latzke (born December 28 1950) is a German artist working in the field of trompe l'oeil and mural painting. He taught at the Utah State University and is founder of the Institute of Frescography. Latzke is Honorary Professor of the Shanghai Institute of Visual Art of Fudan University and Master of the Beijing DeTao Masters Academy. Latzke is ranked by Artists Trade Union of Russia amongst the world-best artists of the last four centuries.
2	Iris Häussler	 Iris Häussler (German pronunciation: [ˈiːʁɪs ˈhɔʏslɐ]; born April 6. 1962) is a conceptual- and installation art artist of German origin. She lives in Toronto Ontario Canada. Many of Iris Häussler's works are detailed hyperrealistic installations that visitors can decode as narrative stories. Recurring topics in her work include social origins such as family ties and relationships and physical origins such as biographies or emigration.
2	Andrea England	 Andrea England is a Canadian singer-songwriter from Nova Scotia now based in Toronto Ontario. She has won a number of songwriting competitions and had songs featured in shows such as Joan of Arcadia and Dawson's Creek.
2	Eric Kroll	 Eric Kroll (born 23 October 1946 in New York City) is a fetish photographer and editor living in San Francisco California.
2	Carl Blum	 Carl Wilhelm August Blum (Berlin 1786 - Berlin 2 July 1844) was a German singer librettist stage actor director guitarist and opera and song composer. Among his successful songs were compositions for the Austrian soprano Pauline Anna Milder-Hauptmann.
2	Giovanni Boccaccio	 Giovanni Boccaccio (/boʊˈkɑːtʃiˌoʊ -tʃoʊ bə-/; Italian: [dʒoˈvanni bokˈkattʃo]; 1313 – 21 December 1375) was an Italian author poet correspondent of Petrarch and important Renaissance humanist. Boccaccio wrote a number of notable works including the Decameron and On Famous Women.
9	Partula raiatensis	 †'Partula raiatensis was a species of air-breathing tropical land snail a terrestrial pulmonate gastropod mollusk in the family Partulidae. This species was endemic to French Polynesia. It is now extinct.
9	Amblypharyngodon	 Amblypharyngodon is a genus of fishes in the family Cyprinidae.
9	Fisera eribola	 Fisera eribola is a species of moth of the Geometridae family. It is found in Australia.
9	Susana’s forest tree frog	 Susana’s forest tree frog Leptopelis susanae is a species of frog in the Hyperoliidae family endemic to Ethiopia. Its natural habitats are subtropical or tropical moist montane forests rivers and heavily degraded former forests.It is threatened by habitat loss.
9	Hypolycaena merguia	 Hypolycaena merguia is a butterfly in the Lycaenidae family. It was described by Doherty in 1889. It is found in South-east Asia.
9	Gorgopis pholidota	 Gorgopis pholidota is a moth of the Hepialidae family. It is found in South Africa.
9	Cacyreus tespis	 The Water Bronze or Water Blue (Cacyreus tespis) is a butterfly of the Lycaenidae family. It is found from South Africa to Ethiopia.The wingspan is 15–25 mm for males and 17–25 mm for females. Adults are on wing year round in warmer areas but usually from August to May. At higher altitudes adults are on wing in December and January.The larvae feed on the buds and green seeds of Geranium and Pelargonium species.
9	Azanus jesous	 The African Babul Blue or Topaz-spotted Blue (Azanus jesous) is a small butterfly found in India and Africa that belongs to the Lycaenids or Blues family.
9	Oliva truncata	 Oliva truncata is a species of sea snail a marine gastropod mollusk in the family Olividae the olives.
9	Lesser Antillean Flycatcher	 The Lesser Antillean Flycatcher (Myiarchus oberi) is a species of bird in the Tyrannidae family.It is found in Barbuda Dominica Guadeloupe Martinique Saint Kitts and Nevis and Saint Lucia.Its natural habitat is subtropical or tropical moist lowland forests.
9	Conus neptunus	 Conus neptunus common name the Neptune cone is a species of sea snail a marine gastropod mollusk in the family Conidae the cone snails and their allies.Like all species within the genus Conus these snails are predatory and venomous. They are capable of stinging humans therefore live ones should be handled carefully or not at all.
9	Mordellistena vestita	 Mordellistena vestita is a species of beetle in the Mordellistena genus that is in the Mordellidae family. It was described by Ray in 1944.
9	Belle Mahone	 Belle Mahone (foaled 1914 in Ontario) is a Canadian Thoroughbred racehorse best known for winning the 1917 King's Plate Canada's most prestigious race and North America's oldest annually run stakes race.Bred and raced by Canada's preeminent owner/breeder distilling magnate Joseph E. Seagram Belle Mahone was sired by Ypsilanti an American grandson of the British runner Galopin winner of the 1875 Epsom Derby and a three-time Leading sire in Great Britain and Ireland.
9	Agrolitha	 Agrolitha is a genus of moths of the Noctuidae family.
9	Lesser Antillean Saltator	 The Lesser Antillean Saltator (Saltator albicollis) is a species of songbird traditionally placed in the family Cardinalidae but as it seems it is closer to the tanagers (Thraupidae).It is found in Dominica Martinique Saint Kitts and Nevis Saint Lucia and Trinidad and Tobago. Its natural habitats are subtropical or tropical dry forests and heavily degraded former forest.
9	Eulima indeflexa	 Eulima indeflexa is a species of sea snail a marine gastropod mollusk in the family Eulimidae. The species is one of multiple known species to exist within the genus Eulima.
6	Alfred Dunk House	 Alfred Dunk House also known as Brinker House is a historic home located at Binghamton in Broome County New York USA. It was built about 1853 or 1854 and is a two story plus attic wood frame house built over a stone basement. It is distinguished by the extremely steep pitch of its gable which is decorated with scroll sawn bargeboards and surmounted by its original finial and pendant in the Carpenter Gothic style.It was listed on the National Register of Historic Places in 1985.
6	British Ambassador's residence in Washington D.C.	 The British Ambassador's residence in Washington D.C. is located at 3100 Massachusetts Avenue Northwest Washington D.C. in the Embassy Row neighborhood.It was commissioned in 1925 and designed by Sir Edwin Lutyens in 1928. It is an example of Queen Anne architecture. The embassy was the only building Lutyens designed in North America. Frederick H.
6	Church of Our Lady of Guadalupe (New York City)	 The Church of Our Lady of Guadalupe (Spanish: Nuestra Señora de Guadalupe) was a Roman Catholic parish church under the authority of the Roman Catholic Archdiocese of New York located at 229 West 14th Street between Seventh and Eighth Avenues in the Greenwich Village section of Manhattan in New York City.
6	Old Louisville	 Old Louisville is a historic district and neighborhood in central Louisville Kentucky USA. It is the third largest such district in the United States and the largest preservation district featuring almost entirely Victorian architecture. It is also unique in that a majority of its structures are made of brick and the neighborhood contains the highest concentration of residential homes with stained glass windows in the U.S.
6	National Guard Armory (Mena Arkansas)	 The National Guard Armory in Mena Arkansas is an Art Deco building from 1931. It was listed on the National Register of Historic Places in 1991.
6	Fjordgård Chapel	 Fjordgård Chapel (Norwegian: Fjordgård kapell) is a chapel in the municipality of Lenvik in Troms county Norway. It is located in the village of Fjordgård. The chapel is part of the Lenvik parish in the Senja deanery in the Diocese of Nord-Hålogaland. The white wooden chapel was built in 1976 and it seats about 110 people.
6	Church of St. Peter in Gallicantu	 The Church of Saint Peter in Gallicantu is a Roman Catholic church located on the eastern slope of Mount Zion just outside the Old (walled) City of Jerusalem.
6	Southside School (Reno Nevada)	 The Southside School formerly known as Southside School Annex at 190 E. Liberty in Reno Nevada was built in 1936 as an additional building to a 1903-built original building. Only the 1936 annex building survives. It was built with Works Progress Administration funding.
6	Angell-Ballou House	 The Angell-Ballou House is an historic house at 49 Ridge Road in Smithfield Rhode Island.The house was built in 1800 in a Federal style. It was added to the National Register in 2004.
6	Allegheny General Hospital	 Allegheny General Hospital is a large urban hospital located at 320 East North Avenue in Pittsburgh Pennsylvania USA. Allegheny General Hospital also known locally by the acronym AGH is located in the Central Northside neighborhood of Pittsburgh. It was founded on December 4 1882 in the area formerly known as Allegheny City and was the first hospital in Pennsylvania to be designated as a Level 1 shock trauma center.
6	Bragg-Mitchell Mansion	 The Bragg-Mitchell Mansion also known as the Bragg-Mitchell House is a historic house museum in Mobile Alabama. It was built in 1855 by Judge John Bragg and is one of the most photographed buildings in the city as well as one of the more popular tourist attractions. The house has been attributed to John's brother a local Alabama architect Alexander J. Bragg.
6	Blue Cross Blue Shield Tower	 The Blue Cross Blue Shield Tower (BCBS) is located on the north end of Grant Park along E. Randolph Street at the NE corner of Randolph and Columbus Drive in Chicago Illinois United States of America. It is home to the headquarters of Health Care Service Corporation. The building's address is 300 E. Randolph. The building is located next to the Aon Center and original plans hoped to connect the two buildings via an underground pedway but the plans never came to fruition.
6	Mid-America Air Museum	 The Mid-America Air Museum is an aerospace and aircraft museum located in Liberal Kansas at the Liberal Mid-America Regional Airport.Located within a hangar that formally belonged to Beech Aircraft and on an airfield that served as a B-24 Liberator training base during the Second World War the Mid-American Air Museum is the largest aircraft museum in Kansas and the fifth-largest in the United States.
6	Foster-Meeker House	 Foster-Meeker House is a historic home located at Westhampton Beach in Suffolk County New York. It was built about 1750 and is a classic Long Island Cape Cod-type dwelling. It is a one story five bay center-door dwelling whose compact massing is characteristic of mid-18th century construction. It was acquired by the Westhampton Beach Historical Society in 2008 and moved to its present location to prevent demolition.It was added to the National Register of Historic Places in 2009.
6	York Minster	 York Minster is a cathedral in York England and is one of the largest of its kind in Northern Europe. The minster is the seat of the Archbishop of York the second-highest office of the Church of England and is the cathedral for the Diocese of York. It is run by a dean and chapter under the Dean of York. The formal title of York Minster is The Cathedral and Metropolitical Church of St Peter in York.
6	Harrietta Plantation	 Harrieta Plantation is a plantation about 5 mi (8 km) east of McClellanville in Charleston County South Carolina. It is adjacent to the Wedge Plantation and just south of Fairfield Plantation. The plantation house was built around 1807. It is located off US Highway 17 near the Santee River. It was named to the National Register of Historic Places on September 18 1975.
